{
  "project_info": {
    "project_number": "202599775554",
    "project_id": "smarthomeiot-26a25",
    "storage_bucket": "smarthomeiot-26a25.appspot.com"
  },
  "client": [
    {
      "client_info": {
        "mobilesdk_app_id": "1:202599775554:android:4f6ba278241fa5aac8dcdb",
        "android_client_info": {
          "package_name": "com.quintus.labs.smarthome"
        }
      },
      "oauth_client": [
        {
          "client_id": "202599775554-dlcr7chekgoenmv2pf6fo47mjihttd5u.apps.googleusercontent.com",
          "client_type": 1,
          "android_info": {
            "package_name": "com.quintus.labs.smarthome",
            "certificate_hash": "fb969b6dfbb2984e94e734a67dadde0c9778852b"
          }
        },
        {
          "client_id": "202599775554-4666vf8vcb4hnsec59ds588st4k62i1r.apps.googleusercontent.com",
          "client_type": 3
        }
      ],
      "api_key": [
        {
          "current_key": "AIzaSyDKH2pODto_8Ox6ZN65-qyipp-KUl0Rcns"
        }
      ],
      "services": {
        "appinvite_service": {
          "other_platform_oauth_client": [
            {
              "client_id": "202599775554-4666vf8vcb4hnsec59ds588st4k62i1r.apps.googleusercontent.com",
              "client_type": 3
            }
          ]
        }
      }
    }
  ],
  "configuration_version": "1"
}